{
  "frozen": {
    "psnr": 36.245712752111736
  },
  "ste_e2e": {
    "psnr": 38.040129414886884,
    "range": 4.107994079589844,
    "pos_var": 0.019420048221945763
  },
  "pd_e2e": {
    "psnr": 37.90657877929568,
    "range": 4.047056674957275,
    "pos_var": 0.01896555721759796
  },
  "original": {
    "range": 3.847838878631592,
    "pos_var": 0.011273443698883057
  }
}