{
  "codebook_mse": {
    "PD": 0.0014190402580425143,
    "KM": 0.0014189897337928414
  },
  "tokenization_psnr": {
    "PD": 32.879909235681865,
    "KM": 32.88017321629219
  },
  "ar_reconstruction": {
    "PD_0": [
      25.51302140248374,
      24.890136396273043,
      22.537322514903707,
      24.687316301632087
    ],
    "PD_16": [
      24.53947021429938,
      21.834365384321956,
      22.049539486431613,
      23.206718288458745
    ],
    "PD_32": [
      25.412091825590295,
      23.3895458449673,
      21.78434851160878,
      24.03863085308472
    ],
    "PD_48": [
      25.421871339908417,
      24.259812537113802,
      22.412166946758983,
      24.43979743082791
    ],
    "KM_0": [
      25.51303543682068,
      24.890131407912644,
      22.53731235840025,
      24.68729130772698
    ],
    "KM_16": [
      22.965101743275188,
      22.80125310216009,
      22.407877190617747,
      23.204259033085542
    ],
    "KM_32": [
      23.945889871443974,
      23.9699370455424,
      22.029875514018478,
      24.29024275740106
    ],
    "KM_48": [
      25.443824346035356,
      24.615727870316878,
      22.485930761360517,
      24.418604490075687
    ]
  }
}