{
  "Uniform 8b (v10 baseline)": {
    "psnr": 38.41080181520116,
    "bpp": 19.7646484375
  },
  "Uniform 4b": {
    "psnr": 22.48673475618499,
    "bpp": 11.7646484375
  },
  "VQ K=256 8b/pos": {
    "psnr": 18.831668417281822,
    "bpp": 5.7646484375
  },
  "VQ K=1024 10b/pos": {
    "psnr": 21.43526017261022,
    "bpp": 6.2646484375
  }
}